[
  {
    "title": "Inside the new \u2018GMA\u2019 studio at 7 Hudson Square",
    "url": "https://www.newscaststudio.com/2025/06/14/gma-studio-2025/",
    "source": "NewscastStudio",
    "date": "2025-06-14"
  },
  {
    "title": "\u2018This Week\u2019 moves into redesigned Studio 4E",
    "url": "https://www.newscaststudio.com/2025/02/04/abc-this-week-studio-4e/",
    "source": "NewscastStudio",
    "date": "2025-02-04"
  },
  {
    "title": "ABC World News Tonight\u2019s move to Hudson Square",
    "url": "https://www.newscaststudio.com/2025/03/10/abc-world-news-tonight-studio-hudson-square/",
    "source": "NewscastStudio",
    "date": "2025-03-10"
  }
]