[
  {
    "title": "Inside the new \u2018GMA\u2019 studio: 187M pixels, moving multipurpose walls and a loft vibe",
    "outlet": "NewscastStudio",
    "date": "2025-06-17",
    "url": "https://www.newscaststudio.com/2025/06/17/abc-good-morning-america-new-set-2025/",
    "tags": [
      "Press",
      "ABC News",
      "GMA",
      "7 Hudson Square"
    ],
    "source": "NewscastStudio",
    "thumb": ""
  },
  {
    "title": "\u2018This Week\u2019 moves to new studio in former WQHT space",
    "outlet": "NewscastStudio",
    "date": "2025-02-04",
    "url": "https://www.newscaststudio.com/2025/02/04/abc-this-week-studio-4e/",
    "thumb": "https://image.thum.io/get/width/1200/https://www.newscaststudio.com/2025/02/04/abc-this-week-studio-4e/",
    "source": "NewscastStudio"
  },
  {
    "title": "Inside \u2018The View\u2019s\u2019 modified look at 7 Hudson Square",
    "outlet": "NewscastStudio",
    "date": "2025-02-22",
    "url": "https://www.newscaststudio.com/2025/02/22/the-view-hudson-square/",
    "thumb": "https://image.thum.io/get/width/1200/https://www.newscaststudio.com/2025/02/22/the-view-hudson-square/",
    "source": "NewscastStudio"
  },
  {
    "title": "WNT at Hudson Square",
    "outlet": "NewscastStudio",
    "date": "2025-03-10",
    "url": "https://www.newscaststudio.com/2025/03/10/abc-world-news-tonight-studio-hudson-square/",
    "thumb": "https://image.thum.io/get/width/1200/https://www.newscaststudio.com/2025/03/10/abc-world-news-tonight-studio-hudson-square/",
    "source": "NewscastStudio"
  },
  {
    "title": "Debate stage design",
    "outlet": "NewscastStudio",
    "date": "2024-09-16",
    "url": "https://www.newscaststudio.com/2024/09/16/abc-sept-10-debate-set-design/",
    "thumb": "https://image.thum.io/get/width/1200/https://www.newscaststudio.com/2024/09/16/abc-sept-10-debate-set-design/",
    "source": "NewscastStudio"
  },
  {
    "title": "TVNewser/Adweek: ABC set tour / Hudson Square move",
    "outlet": "Adweek / TVNewser",
    "date": "2025-??-??",
    "url": "https://www.adweek.com/tvnewser/good-morning-america-begins-broadcasts-from-new-7-hudson-square-home/",
    "thumb": "https://image.thum.io/get/width/1200/https://www.adweek.com/tvnewser/good-morning-america-begins-broadcasts-from-new-7-hudson-square-home/",
    "source": "Adweek / TVNewser"
  },
  {
    "title": "\u2018ABC World News Tonight\u2019 moves to main part of TV3, gets new open",
    "outlet": "NewscastStudio",
    "date": "2020-09-09",
    "url": "https://www.newscaststudio.com/2020/09/09/abc-world-news-tonight-studio/",
    "thumb": "https://image.thum.io/get/width/1200/https://www.newscaststudio.com/2020/09/09/abc-world-news-tonight-studio/",
    "source": "NewscastStudio"
  },
  {
    "title": "\u2018Tamron Hall\u2019 introduces set updates to go along with previous graphics redo",
    "outlet": "NewscastStudio",
    "date": "2020-09-14",
    "url": "https://www.newscaststudio.com/2020/09/14/tamron-hall-season-2-updates/",
    "thumb": "https://image.thum.io/get/width/1200/https://www.newscaststudio.com/2020/09/14/tamron-hall-season-2-updates/",
    "source": "NewscastStudio"
  },
  {
    "title": "\u2018Good Morning America\u2019 gets new set to match its new graphics",
    "outlet": "NewscastStudio",
    "date": "2019-04-02",
    "url": "https://www.newscaststudio.com/2019/04/02/gma-new-set/",
    "thumb": "https://image.thum.io/get/width/1200/https://www.newscaststudio.com/2019/04/02/gma-new-set/",
    "source": "NewscastStudio"
  },
  {
    "title": "Sportsmedia column (mention: The Fight Game \u2014 set designer Seth Easter)",
    "outlet": "Variety",
    "date": "2013-05-28",
    "url": "https://variety.com/2013/tv/columns/sportsmedia-red-sox-giants-eckersley-krukow-1200485840/",
    "thumb": "https://image.thum.io/get/width/1200/https://variety.com/2013/tv/columns/sportsmedia-red-sox-giants-eckersley-krukow-1200485840/",
    "source": "Variety"
  }
]